altitude,time
0.1,0.5
11.6,1
41.6,1.5
88,2
150.4,2.5
229.4,3
322,3.5
422.09999999999997,4
528.8000000000001,4.5
