altitude,time
97745.90000000001,448
96881.20000000001,448.5
96014.1,449
95144.59999999999,449.5
0.1,0.5
11.6,1
94272.8,450
41.6,1.5
93398.6,450.5
88,2
