altitude,time
350.1,0.6554851999972016
368.20000000000005,1.003571599998395
411.4,1.5419332000019494
457.5,1.960299699989264
529.8000000000001,2.5396856000006665
675.4,3.3864469999971334
0,5.125199299989617
0,5.780597599994508
0,6.107775799988303
